driver,LapTime,Stint,Compound,TyreLife
NOR,,1.0,HARD,1.0
NOR,0 days 00:01:22.647000,1.0,HARD,2.0
NOR,0 days 00:01:35.018000,1.0,HARD,3.0
NOR,0 days 00:01:20.708000,1.0,HARD,4.0
NOR,0 days 00:02:23.488000,1.0,HARD,5.0
NOR,,2.0,HARD,6.0
NOR,0 days 00:01:26.428000,3.0,HARD,7.0
NOR,0 days 00:01:30.603000,3.0,HARD,8.0
NOR,0 days 00:01:17.459000,3.0,HARD,9.0
NOR,0 days 00:01:29.974000,3.0,HARD,10.0
NOR,0 days 00:01:16.453000,3.0,HARD,11.0
NOR,,3.0,HARD,12.0
NOR,,4.0,HARD,13.0
NOR,0 days 00:01:24.792000,4.0,HARD,14.0
NOR,0 days 00:01:22.073000,4.0,HARD,15.0
NOR,0 days 00:01:15.784000,4.0,HARD,16.0
NOR,0 days 00:01:31.527000,4.0,HARD,17.0
NOR,0 days 00:01:15.192000,4.0,HARD,18.0
NOR,0 days 00:01:42.971000,4.0,HARD,19.0
NOR,0 days 00:01:15.192000,4.0,HARD,20.0
NOR,0 days 00:01:29.774000,4.0,HARD,21.0
NOR,0 days 00:01:27.775000,4.0,HARD,22.0
NOR,0 days 00:01:15.298000,4.0,HARD,23.0
NOR,,4.0,HARD,24.0
NOR,0 days 00:01:29.434000,5.0,SOFT,1.0
NOR,0 days 00:01:14.799000,5.0,SOFT,2.0
NOR,0 days 00:01:43.876000,5.0,SOFT,3.0
NOR,,5.0,SOFT,4.0
NOR,0 days 00:02:11.815000,6.0,SOFT,5.0
NOR,0 days 00:02:13.919000,6.0,SOFT,6.0
NOR,0 days 00:02:08.271000,6.0,SOFT,7.0
NOR,,6.0,SOFT,8.0
GAS,0 days 00:01:40.042000,1.0,HARD,1.0
GAS,0 days 00:01:32.897000,1.0,HARD,2.0
GAS,0 days 00:01:20.915000,1.0,HARD,3.0
GAS,0 days 00:01:42.684000,1.0,HARD,4.0
GAS,0 days 00:01:31.976000,1.0,HARD,5.0
GAS,0 days 00:01:49.823000,1.0,HARD,6.0
GAS,,1.0,HARD,7.0
GAS,0 days 00:01:30.825000,2.0,HARD,8.0
GAS,0 days 00:01:20.108000,2.0,HARD,9.0
GAS,0 days 00:01:17.823000,2.0,HARD,10.0
GAS,0 days 00:01:17.221000,2.0,HARD,11.0
GAS,0 days 00:01:17.055000,2.0,HARD,12.0
GAS,0 days 00:01:22.745000,2.0,HARD,13.0
GAS,0 days 00:01:17.637000,2.0,HARD,14.0
GAS,0 days 00:01:18.368000,2.0,HARD,15.0
GAS,0 days 00:01:16.809000,2.0,HARD,16.0
GAS,0 days 00:01:19.297000,2.0,HARD,17.0
GAS,0 days 00:01:51.596000,2.0,HARD,18.0
GAS,0 days 00:01:32.197000,2.0,HARD,19.0
GAS,0 days 00:01:17.857000,2.0,HARD,20.0
GAS,,2.0,HARD,21.0
GAS,0 days 00:01:35.430000,3.0,SOFT,1.0
GAS,0 days 00:01:34.375000,3.0,SOFT,2.0
GAS,0 days 00:01:40.561000,3.0,SOFT,3.0
GAS,,3.0,SOFT,4.0
GAS,0 days 00:01:36.346000,4.0,SOFT,5.0
GAS,0 days 00:02:19.670000,4.0,SOFT,6.0
GAS,0 days 00:02:29.183000,4.0,SOFT,7.0
GAS,,4.0,SOFT,8.0
PER,0 days 00:01:40.057000,1.0,SOFT,1.0
PER,0 days 00:01:23.437000,1.0,SOFT,2.0
PER,0 days 00:01:44.241000,1.0,SOFT,3.0
PER,0 days 00:01:20.587000,1.0,SOFT,4.0
PER,0 days 00:01:44.593000,1.0,SOFT,5.0
PER,0 days 00:01:47.846000,1.0,SOFT,6.0
PER,,1.0,SOFT,7.0
PER,0 days 00:01:34.189000,2.0,SOFT,8.0
PER,0 days 00:01:18.700000,2.0,SOFT,9.0
PER,,2.0,SOFT,10.0
PER,0 days 00:01:32.336000,3.0,SOFT,11.0
PER,0 days 00:01:19.153000,3.0,SOFT,12.0
PER,0 days 00:01:18.485000,3.0,SOFT,13.0
PER,0 days 00:01:18.306000,3.0,SOFT,14.0
PER,0 days 00:01:18.195000,3.0,SOFT,15.0
PER,0 days 00:01:17.986000,3.0,SOFT,16.0
PER,0 days 00:01:17.926000,3.0,SOFT,17.0
PER,0 days 00:01:18.866000,3.0,SOFT,18.0
PER,0 days 00:01:17.960000,3.0,SOFT,19.0
PER,0 days 00:01:18.438000,3.0,SOFT,20.0
PER,0 days 00:01:19.218000,3.0,SOFT,21.0
PER,0 days 00:01:18.006000,3.0,SOFT,22.0
PER,,3.0,SOFT,23.0
PER,,4.0,MEDIUM,1.0
PER,0 days 00:01:32.563000,5.0,MEDIUM,2.0
PER,,5.0,MEDIUM,3.0
PER,0 days 00:02:22.839000,5.0,MEDIUM,4.0
PER,,5.0,MEDIUM,5.0
ANT,0 days 00:02:15.180000,1.0,HARD,1.0
ANT,0 days 00:01:29.301000,1.0,HARD,2.0
ANT,0 days 00:01:17.526000,1.0,HARD,3.0
ANT,0 days 00:01:30.942000,1.0,HARD,4.0
ANT,0 days 00:01:41.379000,1.0,HARD,5.0
ANT,,1.0,HARD,6.0
ANT,0 days 00:01:46.901000,2.0,HARD,7.0
ANT,0 days 00:01:16.734000,2.0,HARD,8.0
ANT,0 days 00:01:15.994000,2.0,HARD,9.0
ANT,0 days 00:01:16.386000,2.0,HARD,10.0
ANT,0 days 00:01:15.751000,2.0,HARD,11.0
ANT,0 days 00:01:15.790000,2.0,HARD,12.0
ANT,,2.0,HARD,13.0
ANT,,3.0,HARD,14.0
ANT,0 days 00:01:28.640000,3.0,HARD,15.0
ANT,0 days 00:01:22.482000,3.0,HARD,16.0
ANT,0 days 00:01:14.670000,3.0,HARD,17.0
ANT,0 days 00:01:36.102000,3.0,HARD,18.0
ANT,0 days 00:01:37.958000,3.0,HARD,19.0
ANT,0 days 00:01:14.392000,3.0,HARD,20.0
ANT,0 days 00:01:29.384000,3.0,HARD,21.0
ANT,0 days 00:01:32.169000,3.0,HARD,22.0
ANT,0 days 00:01:14.594000,3.0,HARD,23.0
ANT,,3.0,HARD,24.0
ANT,0 days 00:01:28.210000,4.0,SOFT,1.0
ANT,0 days 00:01:13.402000,4.0,SOFT,2.0
ANT,0 days 00:01:29.360000,4.0,SOFT,3.0
ANT,0 days 00:01:32.900000,4.0,SOFT,4.0
ANT,,4.0,SOFT,5.0
ANT,0 days 00:01:36.590000,5.0,SOFT,6.0
ANT,0 days 00:02:17.892000,5.0,SOFT,7.0
ANT,0 days 00:02:13.904000,5.0,SOFT,8.0
ANT,,5.0,SOFT,9.0
ALO,0 days 00:02:08.009000,1.0,HARD,1.0
ALO,0 days 00:01:47.885000,2.0,HARD,2.0
ALO,0 days 00:01:23.057000,2.0,HARD,3.0
ALO,0 days 00:01:19.237000,2.0,HARD,4.0
ALO,0 days 00:01:38.909000,2.0,HARD,5.0
ALO,0 days 00:02:00.944000,2.0,HARD,6.0
ALO,,2.0,HARD,7.0
ALO,0 days 00:01:30.883000,3.0,SOFT,1.0
ALO,0 days 00:01:16.785000,3.0,SOFT,2.0
ALO,0 days 00:01:36.883000,3.0,SOFT,3.0
ALO,0 days 00:01:30.022000,3.0,SOFT,4.0
ALO,0 days 00:01:30.798000,3.0,SOFT,5.0
ALO,,3.0,SOFT,6.0
ALO,0 days 00:01:31.089000,4.0,SOFT,7.0
ALO,0 days 00:01:16.218000,4.0,SOFT,8.0
ALO,0 days 00:01:32.596000,4.0,SOFT,9.0
ALO,0 days 00:01:16.022000,4.0,SOFT,10.0
ALO,0 days 00:01:32.864000,4.0,SOFT,11.0
ALO,0 days 00:01:18.490000,4.0,SOFT,12.0
ALO,0 days 00:01:18.153000,4.0,SOFT,13.0
ALO,0 days 00:01:17.774000,4.0,SOFT,14.0
ALO,0 days 00:01:17.307000,4.0,SOFT,15.0
ALO,,4.0,SOFT,16.0
ALO,0 days 00:01:29.950000,5.0,MEDIUM,1.0
ALO,0 days 00:01:26.843000,5.0,MEDIUM,2.0
ALO,0 days 00:01:15.863000,5.0,MEDIUM,3.0
ALO,,5.0,MEDIUM,4.0
ALO,0 days 00:01:29.665000,6.0,SOFT,17.0
ALO,0 days 00:02:18.861000,6.0,SOFT,18.0
ALO,0 days 00:02:14.939000,6.0,SOFT,19.0
ALO,,6.0,SOFT,20.0
LEC,0 days 00:01:37.813000,1.0,HARD,1.0
LEC,0 days 00:01:32.882000,1.0,HARD,2.0
LEC,0 days 00:01:18.510000,1.0,HARD,3.0
LEC,0 days 00:01:30.392000,1.0,HARD,4.0
LEC,0 days 00:01:30.036000,1.0,HARD,5.0
LEC,0 days 00:01:54.147000,1.0,HARD,6.0
LEC,,1.0,HARD,7.0
LEC,0 days 00:01:59.318000,2.0,HARD,8.0
LEC,0 days 00:01:27.645000,2.0,HARD,9.0
LEC,0 days 00:01:16.275000,2.0,HARD,10.0
LEC,0 days 00:01:26.569000,2.0,HARD,11.0
LEC,0 days 00:01:21.340000,2.0,HARD,12.0
LEC,,2.0,HARD,13.0
LEC,0 days 00:01:34.092000,3.0,HARD,14.0
LEC,0 days 00:01:34.290000,3.0,HARD,15.0
LEC,0 days 00:01:15.400000,3.0,HARD,16.0
LEC,0 days 00:01:35.546000,3.0,HARD,17.0
LEC,0 days 00:01:15.712000,3.0,HARD,18.0
LEC,0 days 00:01:15.357000,3.0,HARD,19.0
LEC,0 days 00:01:15.952000,3.0,HARD,20.0
LEC,0 days 00:01:18.030000,3.0,HARD,21.0
LEC,0 days 00:01:16.803000,3.0,HARD,22.0
LEC,0 days 00:01:16.473000,3.0,HARD,23.0
LEC,0 days 00:01:15.714000,3.0,HARD,24.0
LEC,,3.0,HARD,25.0
LEC,0 days 00:01:27.214000,4.0,SOFT,1.0
LEC,0 days 00:01:14.355000,4.0,SOFT,2.0
LEC,0 days 00:01:32.429000,4.0,SOFT,3.0
LEC,0 days 00:01:33.792000,4.0,SOFT,4.0
LEC,0 days 00:01:26.536000,4.0,SOFT,5.0
LEC,0 days 00:01:28.037000,4.0,SOFT,6.0
LEC,,4.0,SOFT,7.0
LEC,0 days 00:01:35.624000,5.0,SOFT,8.0
LEC,0 days 00:02:23.797000,5.0,SOFT,9.0
LEC,0 days 00:02:26.108000,5.0,SOFT,10.0
LEC,,5.0,SOFT,11.0
STR,,1.0,HARD,1.0
STR,0 days 00:01:37.462000,2.0,HARD,2.0
STR,0 days 00:01:21.076000,2.0,HARD,3.0
STR,0 days 00:01:19.610000,2.0,HARD,4.0
STR,0 days 00:01:35.239000,2.0,HARD,5.0
STR,0 days 00:01:44.217000,2.0,HARD,6.0
STR,,2.0,HARD,7.0
STR,0 days 00:01:52.848000,3.0,SOFT,1.0
STR,0 days 00:01:18.297000,3.0,SOFT,2.0
STR,0 days 00:01:50.822000,3.0,SOFT,3.0
STR,,3.0,SOFT,4.0
STR,0 days 00:01:41.315000,4.0,SOFT,5.0
STR,0 days 00:01:17.748000,4.0,SOFT,6.0
STR,0 days 00:01:45.837000,4.0,SOFT,7.0
STR,0 days 00:01:18.026000,4.0,SOFT,8.0
STR,0 days 00:01:49.742000,4.0,SOFT,9.0
STR,0 days 00:01:17.992000,4.0,SOFT,10.0
STR,0 days 00:01:37.802000,4.0,SOFT,11.0
STR,0 days 00:01:17.606000,4.0,SOFT,12.0
STR,0 days 00:01:44.496000,4.0,SOFT,13.0
STR,0 days 00:01:17.321000,4.0,SOFT,14.0
STR,,4.0,SOFT,15.0
STR,0 days 00:01:30.002000,5.0,MEDIUM,1.0
STR,0 days 00:01:29.736000,5.0,MEDIUM,2.0
STR,0 days 00:01:16.978000,5.0,MEDIUM,3.0
STR,,5.0,MEDIUM,4.0
STR,0 days 00:01:56.587000,6.0,MEDIUM,5.0
STR,0 days 00:02:07.384000,6.0,MEDIUM,6.0
STR,0 days 00:02:25.864000,6.0,MEDIUM,7.0
STR,,6.0,MEDIUM,8.0
ALB,0 days 00:01:55.675000,1.0,HARD,1.0
ALB,0 days 00:01:32.099000,1.0,HARD,2.0
ALB,0 days 00:01:19.454000,1.0,HARD,3.0
ALB,0 days 00:01:40.106000,1.0,HARD,4.0
ALB,0 days 00:01:18.014000,1.0,HARD,5.0
ALB,0 days 00:01:59.355000,1.0,HARD,6.0
ALB,,1.0,HARD,7.0
ALB,0 days 00:01:40.356000,2.0,HARD,8.0
ALB,0 days 00:01:17.153000,2.0,HARD,9.0
ALB,0 days 00:01:41.990000,2.0,HARD,10.0
ALB,0 days 00:01:28.978000,2.0,HARD,11.0
ALB,0 days 00:01:16.642000,2.0,HARD,12.0
ALB,0 days 00:01:42.908000,2.0,HARD,13.0
ALB,0 days 00:01:31.911000,2.0,HARD,14.0
ALB,,2.0,HARD,15.0
HUL,,1.0,HARD,1.0
HUL,0 days 00:01:29.239000,1.0,HARD,2.0
HUL,0 days 00:01:30.713000,1.0,HARD,3.0
HUL,0 days 00:01:34.812000,1.0,HARD,4.0
HUL,,1.0,HARD,5.0
HUL,0 days 00:01:33.455000,2.0,HARD,6.0
HUL,0 days 00:01:23.357000,2.0,HARD,7.0
HUL,,2.0,HARD,8.0
HUL,,3.0,HARD,9.0
HUL,0 days 00:01:35.687000,4.0,HARD,10.0
HUL,0 days 00:01:30.562000,4.0,HARD,11.0
HUL,0 days 00:01:17.945000,4.0,HARD,12.0
HUL,,4.0,HARD,13.0
HUL,0 days 00:01:30.539000,5.0,HARD,14.0
HUL,0 days 00:01:24.636000,5.0,HARD,15.0
HUL,0 days 00:01:16.989000,5.0,HARD,16.0
HUL,0 days 00:01:35.334000,5.0,HARD,17.0
HUL,0 days 00:01:16.263000,5.0,HARD,18.0
HUL,0 days 00:01:32.019000,5.0,HARD,19.0
HUL,0 days 00:01:15.698000,5.0,HARD,20.0
HUL,,5.0,HARD,21.0
HUL,0 days 00:01:31.557000,6.0,SOFT,1.0
HUL,0 days 00:01:26.954000,6.0,SOFT,2.0
HUL,,6.0,SOFT,3.0
HUL,0 days 00:02:02.414000,7.0,SOFT,4.0
HUL,0 days 00:01:59.452000,7.0,SOFT,5.0
HUL,0 days 00:02:16.782000,7.0,SOFT,6.0
HUL,,7.0,SOFT,7.0
VER,0 days 00:01:44.055000,1.0,HARD,1.0
VER,0 days 00:01:17.432000,1.0,HARD,2.0
VER,0 days 00:01:36.401000,1.0,HARD,3.0
VER,0 days 00:01:15.895000,1.0,HARD,4.0
VER,0 days 00:02:07.586000,1.0,HARD,5.0
VER,0 days 00:01:48.484000,2.0,HARD,6.0
VER,,2.0,HARD,7.0
VER,,3.0,HARD,8.0
VER,0 days 00:01:28.738000,4.0,HARD,9.0
VER,0 days 00:01:18.329000,4.0,HARD,10.0
VER,0 days 00:01:16.903000,4.0,HARD,11.0
VER,0 days 00:01:16.515000,4.0,HARD,12.0
VER,0 days 00:01:16.495000,4.0,HARD,13.0
VER,0 days 00:01:16.635000,4.0,HARD,14.0
VER,0 days 00:01:16.493000,4.0,HARD,15.0
VER,0 days 00:01:16.823000,4.0,HARD,16.0
VER,0 days 00:01:21.338000,4.0,HARD,17.0
VER,0 days 00:01:17.786000,4.0,HARD,18.0
VER,0 days 00:01:16.525000,4.0,HARD,19.0
VER,0 days 00:01:16.626000,4.0,HARD,20.0
VER,0 days 00:01:16.960000,4.0,HARD,21.0
VER,0 days 00:01:16.752000,4.0,HARD,22.0
VER,,4.0,HARD,23.0
VER,0 days 00:01:35.117000,5.0,SOFT,1.0
VER,0 days 00:01:14.366000,5.0,SOFT,2.0
VER,0 days 00:01:47.293000,5.0,SOFT,3.0
VER,,5.0,SOFT,4.0
VER,0 days 00:01:33.716000,6.0,SOFT,5.0
VER,0 days 00:02:12.015000,6.0,SOFT,6.0
VER,0 days 00:02:17.363000,6.0,SOFT,7.0
VER,,6.0,SOFT,8.0
LAW,0 days 00:02:20.332000,1.0,MEDIUM,1.0
LAW,0 days 00:01:19.996000,1.0,MEDIUM,2.0
LAW,0 days 00:01:18.320000,1.0,MEDIUM,3.0
LAW,0 days 00:01:17.431000,1.0,MEDIUM,4.0
LAW,,1.0,MEDIUM,5.0
OCO,0 days 00:01:43.727000,1.0,HARD,1.0
OCO,0 days 00:01:22.910000,1.0,HARD,2.0
OCO,,1.0,HARD,3.0
OCO,0 days 00:01:39.776000,2.0,HARD,4.0
OCO,0 days 00:01:54.961000,3.0,HARD,5.0
OCO,0 days 00:01:19.556000,3.0,HARD,6.0
OCO,0 days 00:01:37.691000,3.0,HARD,7.0
OCO,0 days 00:01:18.411000,3.0,HARD,8.0
OCO,,3.0,HARD,9.0
OCO,0 days 00:01:35.583000,4.0,HARD,10.0
OCO,0 days 00:01:18.842000,4.0,HARD,11.0
OCO,0 days 00:01:18.048000,4.0,HARD,12.0
OCO,0 days 00:01:18.218000,4.0,HARD,13.0
OCO,0 days 00:01:17.820000,4.0,HARD,14.0
OCO,0 days 00:01:17.128000,4.0,HARD,15.0
OCO,0 days 00:01:17.223000,4.0,HARD,16.0
OCO,0 days 00:01:27.212000,4.0,HARD,17.0
OCO,0 days 00:01:17.014000,4.0,HARD,18.0
OCO,0 days 00:01:38.220000,4.0,HARD,19.0
OCO,0 days 00:01:25.602000,4.0,HARD,20.0
OCO,0 days 00:01:16.497000,4.0,HARD,21.0
OCO,,4.0,HARD,22.0
OCO,0 days 00:01:27.216000,5.0,MEDIUM,1.0
OCO,0 days 00:01:23.632000,5.0,MEDIUM,2.0
OCO,0 days 00:01:19.485000,5.0,MEDIUM,3.0
OCO,0 days 00:01:26.502000,5.0,MEDIUM,4.0
OCO,0 days 00:01:27.343000,5.0,MEDIUM,5.0
OCO,,5.0,MEDIUM,6.0
OCO,0 days 00:01:42.266000,6.0,HARD,23.0
OCO,0 days 00:02:15.707000,6.0,HARD,24.0
OCO,0 days 00:02:18.646000,6.0,HARD,25.0
OCO,,6.0,HARD,26.0
LIN,,1.0,MEDIUM,1.0
LIN,0 days 00:01:23.505000,1.0,MEDIUM,2.0
LIN,0 days 00:01:19.335000,1.0,MEDIUM,3.0
LIN,0 days 00:01:39.734000,1.0,MEDIUM,4.0
LIN,0 days 00:01:22.829000,1.0,MEDIUM,5.0
LIN,0 days 00:01:50.457000,1.0,MEDIUM,6.0
LIN,,1.0,MEDIUM,7.0
LIN,0 days 00:01:38.220000,2.0,MEDIUM,8.0
LIN,0 days 00:01:17.261000,2.0,MEDIUM,9.0
LIN,0 days 00:01:33.583000,2.0,MEDIUM,10.0
LIN,,2.0,MEDIUM,11.0
LIN,0 days 00:01:35.439000,3.0,MEDIUM,12.0
LIN,0 days 00:01:16.867000,3.0,MEDIUM,13.0
LIN,0 days 00:01:30.797000,3.0,MEDIUM,14.0
LIN,0 days 00:01:15.452000,3.0,MEDIUM,15.0
LIN,0 days 00:01:35.226000,3.0,MEDIUM,16.0
LIN,0 days 00:01:15.462000,3.0,MEDIUM,17.0
LIN,0 days 00:01:29.300000,3.0,MEDIUM,18.0
LIN,0 days 00:01:16.834000,3.0,MEDIUM,19.0
LIN,0 days 00:01:16.970000,3.0,MEDIUM,20.0
LIN,0 days 00:01:17.163000,3.0,MEDIUM,21.0
LIN,0 days 00:01:17.002000,3.0,MEDIUM,22.0
LIN,,3.0,MEDIUM,23.0
LIN,0 days 00:01:34.918000,4.0,SOFT,1.0
LIN,0 days 00:01:15.636000,4.0,SOFT,2.0
LIN,0 days 00:01:27.980000,4.0,SOFT,3.0
LIN,0 days 00:01:15.525000,4.0,SOFT,4.0
LIN,0 days 00:01:33.645000,4.0,SOFT,5.0
LIN,,4.0,SOFT,6.0
LIN,0 days 00:01:38.041000,5.0,MEDIUM,24.0
LIN,0 days 00:02:05.428000,5.0,MEDIUM,25.0
LIN,0 days 00:02:22.250000,5.0,MEDIUM,26.0
LIN,,5.0,MEDIUM,27.0
COL,,1.0,HARD,1.0
HAM,0 days 00:01:35.471000,1.0,HARD,1.0
HAM,0 days 00:01:42.887000,1.0,HARD,2.0
HAM,0 days 00:01:29.603000,1.0,HARD,3.0
HAM,0 days 00:01:18.609000,1.0,HARD,4.0
HAM,0 days 00:01:41.301000,1.0,HARD,5.0
HAM,,1.0,HARD,6.0
HAM,0 days 00:01:30.595000,2.0,HARD,7.0
HAM,0 days 00:01:18.099000,2.0,HARD,8.0
HAM,0 days 00:01:29.237000,2.0,HARD,9.0
HAM,0 days 00:01:16.075000,2.0,HARD,10.0
HAM,0 days 00:01:29.957000,2.0,HARD,11.0
HAM,0 days 00:01:15.405000,2.0,HARD,12.0
HAM,,2.0,HARD,13.0
HAM,0 days 00:01:46.686000,3.0,HARD,14.0
HAM,0 days 00:01:17.758000,3.0,HARD,15.0
HAM,0 days 00:01:16.159000,3.0,HARD,16.0
HAM,0 days 00:01:15.730000,3.0,HARD,17.0
HAM,0 days 00:01:15.738000,3.0,HARD,18.0
HAM,0 days 00:01:17.046000,3.0,HARD,19.0
HAM,0 days 00:01:16.150000,3.0,HARD,20.0
HAM,0 days 00:01:23.024000,3.0,HARD,21.0
HAM,0 days 00:01:15.266000,3.0,HARD,22.0
HAM,0 days 00:01:30.365000,3.0,HARD,23.0
HAM,0 days 00:01:39.828000,3.0,HARD,24.0
HAM,0 days 00:01:25.828000,3.0,HARD,25.0
HAM,0 days 00:01:14.752000,3.0,HARD,26.0
HAM,,3.0,HARD,27.0
HAM,0 days 00:01:30.553000,4.0,SOFT,1.0
HAM,0 days 00:01:26.412000,4.0,SOFT,2.0
HAM,0 days 00:01:14.176000,4.0,SOFT,3.0
HAM,0 days 00:01:49.189000,4.0,SOFT,4.0
HAM,,4.0,SOFT,5.0
HAM,0 days 00:01:36,5.0,SOFT,6.0
HAM,0 days 00:02:14.998000,5.0,SOFT,7.0
HAM,0 days 00:02:12.250000,5.0,SOFT,8.0
HAM,,5.0,SOFT,9.0
BOR,,1.0,HARD,1.0
BOR,0 days 00:01:32.439000,1.0,HARD,2.0
BOR,0 days 00:01:20.451000,1.0,HARD,3.0
BOR,0 days 00:01:47.781000,1.0,HARD,4.0
BOR,0 days 00:01:18.718000,1.0,HARD,5.0
BOR,,1.0,HARD,6.0
BOR,,2.0,HARD,7.0
BOR,0 days 00:01:31.962000,2.0,HARD,8.0
BOR,0 days 00:01:18.501000,2.0,HARD,9.0
BOR,0 days 00:01:43.640000,2.0,HARD,10.0
BOR,0 days 00:01:17.279000,2.0,HARD,11.0
BOR,,2.0,HARD,12.0
BOR,0 days 00:01:34.607000,3.0,HARD,13.0
BOR,0 days 00:01:33.931000,3.0,HARD,14.0
BOR,0 days 00:01:17.355000,3.0,HARD,15.0
BOR,0 days 00:01:51.775000,3.0,HARD,16.0
BOR,0 days 00:01:31.399000,3.0,HARD,17.0
BOR,0 days 00:01:16.516000,3.0,HARD,18.0
BOR,0 days 00:01:25.241000,3.0,HARD,19.0
BOR,0 days 00:01:18.064000,3.0,HARD,20.0
BOR,0 days 00:01:17.273000,3.0,HARD,21.0
BOR,0 days 00:01:17.062000,3.0,HARD,22.0
BOR,0 days 00:01:17.067000,3.0,HARD,23.0
BOR,0 days 00:01:17.033000,3.0,HARD,24.0
BOR,,3.0,HARD,25.0
BOR,0 days 00:01:30.401000,4.0,SOFT,1.0
BOR,0 days 00:01:32.454000,4.0,SOFT,2.0
BOR,0 days 00:01:16.214000,4.0,SOFT,3.0
BOR,,4.0,SOFT,4.0
BOR,0 days 00:01:53.725000,5.0,SOFT,5.0
BOR,0 days 00:02:18.950000,5.0,SOFT,6.0
BOR,0 days 00:02:23.791000,5.0,SOFT,7.0
BOR,,5.0,SOFT,8.0
SAI,0 days 00:01:52.576000,1.0,HARD,1.0
SAI,0 days 00:01:29.086000,1.0,HARD,2.0
SAI,0 days 00:01:18.828000,1.0,HARD,3.0
SAI,0 days 00:01:39.119000,1.0,HARD,4.0
SAI,0 days 00:01:17.709000,1.0,HARD,5.0
SAI,0 days 00:02:10.114000,1.0,HARD,6.0
SAI,,2.0,HARD,7.0
SAI,0 days 00:01:37.648000,3.0,HARD,8.0
SAI,0 days 00:01:22.066000,3.0,HARD,9.0
SAI,0 days 00:01:17.232000,3.0,HARD,10.0
SAI,0 days 00:01:44.879000,3.0,HARD,11.0
SAI,0 days 00:01:29.887000,3.0,HARD,12.0
SAI,0 days 00:01:16.660000,3.0,HARD,13.0
SAI,0 days 00:01:38.205000,3.0,HARD,14.0
SAI,,3.0,HARD,15.0
SAI,0 days 00:01:35.305000,4.0,HARD,16.0
SAI,0 days 00:01:18.109000,4.0,HARD,17.0
SAI,0 days 00:01:18.590000,4.0,HARD,18.0
SAI,0 days 00:01:17.132000,4.0,HARD,19.0
SAI,0 days 00:01:17.162000,4.0,HARD,20.0
SAI,0 days 00:01:17.203000,4.0,HARD,21.0
SAI,0 days 00:01:24.723000,4.0,HARD,22.0
SAI,0 days 00:01:18.282000,4.0,HARD,23.0
SAI,0 days 00:01:17.643000,4.0,HARD,24.0
SAI,0 days 00:01:17.703000,4.0,HARD,25.0
SAI,0 days 00:01:16.915000,4.0,HARD,26.0
SAI,0 days 00:01:16.845000,4.0,HARD,27.0
SAI,0 days 00:01:17.038000,4.0,HARD,28.0
SAI,,4.0,HARD,29.0
SAI,0 days 00:01:31.303000,5.0,SOFT,1.0
SAI,0 days 00:01:29.584000,5.0,SOFT,2.0
SAI,,5.0,SOFT,3.0
SAI,0 days 00:01:32.593000,6.0,SOFT,4.0
SAI,0 days 00:02:01.307000,6.0,SOFT,5.0
SAI,0 days 00:01:57.384000,6.0,SOFT,6.0
SAI,,6.0,SOFT,7.0
HAD,0 days 00:01:48.098000,1.0,HARD,1.0
HAD,0 days 00:01:18.774000,1.0,HARD,2.0
HAD,0 days 00:01:41.754000,1.0,HARD,3.0
HAD,0 days 00:01:16.253000,1.0,HARD,4.0
HAD,0 days 00:01:46.549000,1.0,HARD,5.0
HAD,0 days 00:01:43.626000,1.0,HARD,6.0
HAD,,1.0,HARD,7.0
HAD,,2.0,HARD,8.0
HAD,0 days 00:01:32.756000,3.0,HARD,9.0
HAD,0 days 00:01:19.168000,3.0,HARD,10.0
HAD,0 days 00:01:20.802000,3.0,HARD,11.0
HAD,0 days 00:01:17.196000,3.0,HARD,12.0
HAD,0 days 00:01:17.256000,3.0,HARD,13.0
HAD,0 days 00:01:17.502000,3.0,HARD,14.0
HAD,0 days 00:01:16.718000,3.0,HARD,15.0
HAD,0 days 00:01:16.738000,3.0,HARD,16.0
HAD,0 days 00:01:16.832000,3.0,HARD,17.0
HAD,0 days 00:01:24.758000,3.0,HARD,18.0
HAD,0 days 00:01:16.890000,3.0,HARD,19.0
HAD,0 days 00:01:16.620000,3.0,HARD,20.0
HAD,0 days 00:01:16.753000,3.0,HARD,21.0
HAD,0 days 00:01:17.831000,3.0,HARD,22.0
HAD,,3.0,HARD,23.0
HAD,0 days 00:01:39.751000,4.0,SOFT,1.0
HAD,,4.0,SOFT,2.0
HAD,0 days 00:01:30.116000,5.0,SOFT,3.0
HAD,0 days 00:02:06.587000,5.0,SOFT,4.0
HAD,0 days 00:02:17.109000,5.0,SOFT,5.0
HAD,,5.0,SOFT,6.0
RUS,0 days 00:01:45.604000,1.0,HARD,1.0
RUS,0 days 00:01:43.307000,1.0,HARD,2.0
RUS,0 days 00:01:17.717000,1.0,HARD,3.0
RUS,0 days 00:01:41.626000,1.0,HARD,4.0
RUS,0 days 00:01:53.049000,1.0,HARD,5.0
RUS,,1.0,HARD,6.0
RUS,0 days 00:01:46.032000,2.0,HARD,7.0
RUS,0 days 00:01:17.238000,2.0,HARD,8.0
RUS,0 days 00:01:16.882000,2.0,HARD,9.0
RUS,0 days 00:01:16.264000,2.0,HARD,10.0
RUS,0 days 00:01:15.893000,2.0,HARD,11.0
RUS,0 days 00:01:15.760000,2.0,HARD,12.0
RUS,0 days 00:01:15.414000,2.0,HARD,13.0
RUS,0 days 00:01:15.729000,2.0,HARD,14.0
RUS,,2.0,HARD,15.0
RUS,,3.0,HARD,16.0
RUS,0 days 00:01:26.374000,3.0,HARD,17.0
RUS,0 days 00:01:14.976000,3.0,HARD,18.0
RUS,0 days 00:01:31.387000,3.0,HARD,19.0
RUS,0 days 00:01:14.560000,3.0,HARD,20.0
RUS,0 days 00:01:28.872000,3.0,HARD,21.0
RUS,0 days 00:01:14.444000,3.0,HARD,22.0
RUS,,3.0,HARD,23.0
RUS,0 days 00:01:28.137000,4.0,SOFT,1.0
RUS,0 days 00:01:13.850000,4.0,SOFT,2.0
RUS,0 days 00:01:38.347000,4.0,SOFT,3.0
RUS,0 days 00:01:32.242000,4.0,SOFT,4.0
RUS,0 days 00:01:26.573000,4.0,SOFT,5.0
RUS,0 days 00:01:13.544000,4.0,SOFT,6.0
RUS,0 days 00:01:34.016000,4.0,SOFT,7.0
RUS,,4.0,SOFT,8.0
RUS,0 days 00:02:08.656000,5.0,HARD,24.0
RUS,0 days 00:02:17.793000,5.0,HARD,25.0
RUS,0 days 00:02:11.923000,5.0,HARD,26.0
RUS,,5.0,HARD,27.0
BOT,0 days 00:01:56.445000,1.0,MEDIUM,1.0
BOT,0 days 00:01:31.263000,1.0,MEDIUM,2.0
BOT,0 days 00:01:20.141000,1.0,MEDIUM,3.0
BOT,0 days 00:01:31.039000,1.0,MEDIUM,4.0
BOT,0 days 00:01:51.529000,1.0,MEDIUM,5.0
BOT,,1.0,MEDIUM,6.0
BOT,0 days 00:01:31.831000,2.0,MEDIUM,7.0
BOT,0 days 00:01:18.310000,2.0,MEDIUM,8.0
BOT,,2.0,MEDIUM,9.0
BOT,0 days 00:01:30.673000,3.0,MEDIUM,10.0
BOT,0 days 00:01:31.897000,3.0,MEDIUM,11.0
BOT,0 days 00:01:17.868000,3.0,MEDIUM,12.0
BOT,0 days 00:01:32.178000,3.0,MEDIUM,13.0
BOT,,3.0,MEDIUM,14.0
BOT,0 days 00:01:51.904000,4.0,MEDIUM,15.0
BOT,0 days 00:01:18.487000,4.0,MEDIUM,16.0
BOT,0 days 00:01:18.523000,4.0,MEDIUM,17.0
BOT,0 days 00:01:18.276000,4.0,MEDIUM,18.0
BOT,0 days 00:01:18.433000,4.0,MEDIUM,19.0
BOT,0 days 00:01:18.428000,4.0,MEDIUM,20.0
BOT,0 days 00:01:18.166000,4.0,MEDIUM,21.0
BOT,0 days 00:01:18.111000,4.0,MEDIUM,22.0
BOT,0 days 00:01:55.983000,4.0,MEDIUM,23.0
BOT,,5.0,SOFT,1.0
BOT,0 days 00:01:36.558000,6.0,SOFT,2.0
BOT,0 days 00:02:12.301000,6.0,SOFT,3.0
BOT,0 days 00:02:13.023000,6.0,SOFT,4.0
BOT,,6.0,SOFT,5.0
PIA,0 days 00:01:49.554000,1.0,HARD,1.0
PIA,0 days 00:01:19.489000,1.0,HARD,2.0
PIA,0 days 00:01:46.856000,1.0,HARD,3.0
PIA,0 days 00:01:16.879000,1.0,HARD,4.0
PIA,,1.0,HARD,5.0
PIA,,2.0,HARD,6.0
PIA,0 days 00:01:25.167000,2.0,HARD,7.0
PIA,0 days 00:01:19.876000,2.0,HARD,8.0
PIA,0 days 00:01:35.165000,2.0,HARD,9.0
PIA,0 days 00:01:15.806000,2.0,HARD,10.0
PIA,0 days 00:01:32.349000,2.0,HARD,11.0
PIA,0 days 00:01:14.963000,2.0,HARD,12.0
PIA,,2.0,HARD,13.0
PIA,0 days 00:02:07.709000,3.0,HARD,14.0
PIA,0 days 00:01:18.009000,3.0,HARD,15.0
PIA,0 days 00:01:16.269000,3.0,HARD,16.0
PIA,0 days 00:01:16.267000,3.0,HARD,17.0
PIA,0 days 00:01:16.139000,3.0,HARD,18.0
PIA,0 days 00:01:16.329000,3.0,HARD,19.0
PIA,0 days 00:01:16.342000,3.0,HARD,20.0
PIA,0 days 00:01:16.788000,3.0,HARD,21.0
PIA,0 days 00:01:35.856000,3.0,HARD,22.0
PIA,,4.0,HARD,23.0
PIA,0 days 00:01:30.146000,5.0,SOFT,1.0
PIA,0 days 00:01:17.802000,5.0,SOFT,2.0
PIA,0 days 00:01:42.108000,5.0,SOFT,3.0
PIA,0 days 00:01:15.098000,5.0,SOFT,4.0
PIA,,5.0,SOFT,5.0
PIA,0 days 00:02:16.346000,6.0,HARD,24.0
PIA,0 days 00:02:04.685000,6.0,HARD,25.0
PIA,0 days 00:02:00.921000,6.0,HARD,26.0
PIA,,6.0,HARD,27.0
BEA,0 days 00:01:43.203000,1.0,HARD,1.0
BEA,0 days 00:01:25.564000,1.0,HARD,2.0
BEA,,1.0,HARD,3.0
BEA,0 days 00:01:36.028000,2.0,HARD,4.0
BEA,0 days 00:01:34.121000,2.0,HARD,5.0
BEA,0 days 00:01:19.795000,2.0,HARD,6.0
BEA,0 days 00:01:34.980000,2.0,HARD,7.0
BEA,,2.0,HARD,8.0
BEA,0 days 00:01:38.559000,3.0,HARD,9.0
BEA,0 days 00:01:19.766000,3.0,HARD,10.0
BEA,0 days 00:01:19.152000,3.0,HARD,11.0
BEA,0 days 00:01:18.465000,3.0,HARD,12.0
BEA,0 days 00:01:18.311000,3.0,HARD,13.0
BEA,0 days 00:01:18.363000,3.0,HARD,14.0
BEA,0 days 00:01:18.854000,3.0,HARD,15.0
BEA,0 days 00:01:47.935000,3.0,HARD,16.0
BEA,0 days 00:02:02.835000,4.0,HARD,17.0
BEA,0 days 00:01:17.770000,4.0,HARD,18.0
BEA,,4.0,HARD,19.0
BEA,0 days 00:01:31.358000,5.0,MEDIUM,1.0
BEA,0 days 00:01:29.883000,5.0,MEDIUM,2.0
BEA,,5.0,MEDIUM,3.0
BEA,0 days 00:01:31.840000,6.0,MEDIUM,4.0
BEA,0 days 00:02:29.751000,6.0,MEDIUM,5.0
BEA,0 days 00:02:24.003000,6.0,MEDIUM,6.0
BEA,,6.0,MEDIUM,7.0
